{
  "version": 2,
  "builds": [
    {
      "src": "update-server.js",
      "use": "@vercel/node"
    }
  ],
  "routes": [
    {
      "src": "/web/(.*)",
      "dest": "/web/$1"
    },
    {
      "src": "/api/(.*)",
      "dest": "/update-server.js"
    },
    {
      "src": "/v1/(.*)",
      "dest": "/update-server.js"
    },
    {
      "src": "/favicon.ico",
      "dest": "/update-server.js"
    },
    {
      "src": "/(.*)",
      "dest": "/update-server.js"
    }
  ],
  "env": {
    "NODE_ENV": "production"
  },
  "functions": {
    "update-server.js": {
      "maxDuration": 30
    }
  }
} 